x1,x2,x3,x4,y
-1.109823,-1.172554,-0.897949,-6.572526,-158.193913
0.288381,0.360526,2.298690,3.884887,198.312926
-1.059194,0.833067,0.285517,-1.225931,12.152087
0.226017,1.979367,0.744038,5.380823,190.281938
0.664165,-1.373739,0.317570,-0.437413,-72.681681
-1.085343,1.210163,0.172443,-0.663260,67.436670
-0.811214,0.037687,0.847121,-1.511146,57.712078
1.236899,0.787747,-0.787218,4.498973,33.934311
0.311005,0.525933,-0.484796,1.500084,13.398272
0.541920,-0.245304,-0.169169,0.965983,-10.835264
-0.165720,-0.738194,-1.162248,-3.135796,-119.091226
2.025414,0.318212,-0.252335,6.460330,77.102766
-0.587008,2.256751,-0.902333,1.850146,58.440077
-0.901526,0.303082,1.724440,-0.373974,101.923308
-0.454044,-0.154628,0.456480,-1.214907,-18.822853
-0.495169,-1.136287,0.942094,-2.815987,-37.313595
0.481372,-0.958063,-1.386247,-1.858258,-151.135072
-0.315657,-0.542796,1.045679,-0.986885,7.252352
-0.091864,0.481785,-0.208329,0.479650,51.621322
0.741446,-1.061840,0.689225,0.789881,11.591280
-1.831680,0.656189,-0.136300,-4.318962,-20.142524
-0.767105,-1.623384,-0.741431,-6.289513,-182.253658
-0.194865,1.515323,0.412288,2.858338,93.304134
-0.532095,-0.100326,-0.064576,-1.861513,-42.823090
-0.824232,-0.564268,0.156620,-3.444611,-82.913485
-0.639880,1.562426,-0.944307,0.260905,16.477040
-0.321353,0.364499,-1.396018,-1.631080,-57.415755
-0.420299,0.150876,1.321275,0.362128,93.214551
1.052043,0.546619,0.778064,5.027430,112.864256
-0.112322,1.735373,0.084303,3.218084,117.917536
-0.871600,1.447246,-0.561623,-0.281932,42.992818
0.915209,0.872978,0.630122,5.121706,127.600533
0.002590,-0.155664,0.146797,-0.156763,7.722186
-0.392852,-0.641739,0.376775,-2.085260,-44.247446
1.529999,0.838045,-1.461404,4.804685,15.942485
-1.414935,-1.139552,0.700581,-5.823327,-48.528354
0.921553,-0.160888,-1.200991,1.241892,-44.074612
0.098365,0.858107,-1.328440,0.682867,4.374668
-0.074595,-0.389074,1.184678,0.182745,35.991320
-0.485313,0.920406,0.005918,0.390792,16.303403
-0.959268,-0.192326,0.156352,-3.106106,-26.326977
-0.382112,-0.422149,0.013250,-1.977385,-44.292586
0.528721,-0.192945,-0.439338,0.760935,-10.519722
0.444672,0.162460,-0.205387,1.453550,4.056099
0.564320,-0.278357,-0.885671,0.250574,-87.319348
-0.051245,1.311186,0.698245,3.166884,113.389959
0.224404,-0.486819,-0.765214,-1.065639,-64.245270
-0.326395,1.729052,0.035593,2.514513,96.914421
-0.384029,0.290278,0.926709,0.355178,80.757829
-1.764488,-2.043932,-0.771267,-10.152594,-268.719087
1.495552,-0.595094,-1.765921,1.530545,-106.416945
-0.311853,0.522335,-0.772616,-0.663504,-46.083477
0.848151,0.014148,1.103763,3.676513,96.472546
1.602488,2.873264,0.007713,10.561705,210.094855
-0.239500,-1.004980,-1.668116,-4.396577,-178.106349
0.693920,0.766899,0.408008,4.023566,96.491158
0.302045,-0.206397,0.625944,1.119285,56.385762
-0.703668,-0.738504,-1.451562,-5.039575,-180.301663
-2.678154,0.234440,0.005293,-7.560288,-64.143040
-1.312323,0.157133,-0.151512,-3.774214,-38.215648
-1.189365,1.585412,0.903661,0.506392,106.109166
0.493607,0.743410,1.295336,4.262975,149.008231
-1.773568,1.414849,0.615261,-1.875745,80.897197
2.199072,-0.688004,-0.862387,4.358821,7.918177
0.881093,-1.730542,1.333327,0.515521,-5.873948
-2.303149,0.089067,2.687196,-4.044118,72.388498
0.984741,-0.130160,0.021212,2.715116,27.409410
0.358468,-0.504532,-0.492119,-0.425780,-50.924269
-0.107243,-0.222299,-0.575850,-1.342179,-22.098120
0.317433,-0.206591,0.899543,1.438660,23.914221
-0.277676,1.341276,0.481479,2.331003,104.529147
0.085453,0.441266,-0.500998,0.637893,-4.684294
2.303569,-0.947716,-0.902135,4.113140,-58.959072
1.051191,0.625522,0.071436,4.476054,72.992566
-1.996341,0.540106,0.405232,-4.503578,-53.633970
0.813173,-0.564139,0.766432,2.077673,39.441422
-1.018343,0.578856,-1.061335,-2.958651,-48.355821
-0.111714,1.886685,0.771956,4.210185,193.322865
-0.038493,-0.177756,-0.579206,-1.050198,-13.197269
-0.366768,-0.922124,0.893083,-2.051471,-47.298668
1.366907,-0.590463,1.029728,3.949523,84.012284
-0.682177,-0.236331,-0.549577,-3.068769,-75.521250
-1.205183,-1.365066,-1.000004,-7.345686,-190.952413
0.084626,-1.136780,0.926249,-1.093431,-3.324763
0.311154,-0.965513,0.006795,-0.990769,-38.994605
-0.042182,0.026240,0.295403,0.221338,-1.820241
-0.702646,0.713374,-0.764580,-1.445772,-7.615394
-0.963837,-1.114471,0.377506,-4.742947,-83.533145
-0.951972,0.060429,-0.688116,-3.423174,-90.740340
0.309000,0.662203,1.959057,4.210465,162.428389
-1.678256,1.374494,-0.208844,-2.494624,21.750458
-0.384019,-1.706579,0.346412,-4.218804,-91.407901
1.700281,2.112721,-0.715594,8.610690,144.929576
1.454181,-0.799122,0.453342,3.217640,19.584423
-1.912077,0.234842,0.011975,-5.254572,-74.307031
0.706457,-0.003361,-1.143219,0.969429,-25.158242
0.274830,-0.037707,-0.476945,0.272131,-1.426020
0.011328,0.088685,1.133909,1.345262,58.020479
1.039235,0.057345,-2.445303,0.787093,-67.912687
-1.074660,-1.209596,-0.083290,-5.726464,-120.996526
-0.604553,-0.372984,0.739470,-1.820157,35.906919
0.594740,0.812428,0.322584,3.731662,119.738935
-0.734492,0.946188,1.886015,1.574916,105.409689
0.169236,1.243768,-0.864318,2.130926,30.056959
0.227443,-1.012736,0.752480,-0.590664,21.765996
0.943106,-0.095153,-0.781841,1.857169,-25.928582
-0.165331,-0.093465,-0.850693,-1.533614,-49.432703
-0.615156,-2.703022,0.457186,-6.794326,-160.725296
-0.222831,1.177551,1.104332,2.790941,120.403975
0.933463,-1.147433,0.054581,0.560104,-39.917433
-0.746809,0.473974,-0.388639,-1.681118,-10.294140
-0.118847,1.613694,0.195669,3.066516,116.497360
-0.540670,1.312316,0.934862,1.937483,112.028283
-0.775519,-0.195407,0.425164,-2.292208,16.893111
-0.071259,0.158910,0.582545,0.686589,29.412025
-1.328378,1.150384,0.017064,-1.667300,41.868576
-0.023313,1.074310,-0.582849,1.495832,38.599903
-2.228417,-1.032120,-0.745092,-9.494581,-182.024377
1.717259,-0.213074,0.950680,5.676309,81.374148
0.960847,-0.992043,-0.071119,0.827335,-17.347399
1.144521,1.095166,1.831591,7.455486,210.585753
-1.082223,-1.487691,0.024426,-6.197625,-95.436239
0.923369,1.879751,0.803173,7.332781,199.358901
0.231499,0.054511,0.239179,1.042698,30.235487
0.127820,-0.217963,-0.275426,-0.327892,-25.887111
-0.036934,0.434032,0.435696,1.192958,58.307298
0.497048,0.005623,-1.071250,0.431140,-26.733960
0.391013,0.304695,0.109288,1.891718,45.150306
1.018076,-0.507931,-0.569768,1.468600,-33.485591
0.515835,-0.169073,-0.231100,0.978259,15.362373
-0.612013,-0.613096,1.680378,-1.381854,30.093800
0.598579,-0.511006,1.094925,1.868650,12.927734
1.611678,-1.628075,0.798874,2.377758,24.313431
0.010641,-1.556137,-2.265780,-5.346129,-188.044143
-0.461645,0.551871,0.384913,0.103721,62.026328
-1.253014,-1.013692,2.302662,-3.483763,-4.589560
-0.123544,0.226680,-0.005994,0.076732,12.078416
-0.036930,-0.379499,1.239691,0.369905,52.562753
0.300012,-0.722561,0.250758,-0.294329,-27.486959
-1.137882,-1.316053,0.203589,-5.842164,-128.448888
1.072466,1.524000,0.108249,6.373649,129.795287
1.998237,-1.105938,-0.256701,3.526133,-50.950507
-1.088889,0.534573,0.712335,-1.485185,35.675744
0.313660,-0.430743,1.135837,1.215332,52.270463
-0.599720,0.433856,0.759831,-0.171617,51.723340
-0.634297,-1.237930,0.001073,-4.377677,-87.859547
1.312035,-0.572882,-0.801334,1.989007,-45.289082
1.894436,0.059166,-1.289372,4.512268,-2.676771
-0.852688,-1.670408,0.615008,-5.283872,-129.289691
1.885856,-0.894822,-0.460541,3.407383,-36.779753
0.196959,1.540218,-0.288675,3.382639,108.305509
0.136976,-0.276234,-1.293632,-1.435170,-70.154638
0.283518,-0.206124,-0.144840,0.293465,-19.711202
-0.513154,0.041971,-0.048341,-1.503860,-49.838337
0.675712,-0.549548,2.298197,3.226237,117.313733
-0.798548,0.996909,-0.478456,-0.880281,35.270438
0.030712,-1.526128,1.928608,-1.031513,51.811894
-1.063575,-0.143626,0.290337,-3.187641,-7.720964
-0.435154,-1.843706,0.120748,-4.872127,-142.473262
-0.777542,1.790759,-0.485699,0.763195,68.096616
-0.241252,-1.125548,3.099762,0.124911,84.752993
-0.421981,1.268005,-0.685210,0.584857,12.142948
-0.049473,0.438421,-2.489552,-1.761130,-110.679049
-0.024135,-0.074818,0.187060,-0.034980,-12.383913
-1.570584,1.047262,-1.202845,-3.820073,-59.971118
1.722669,-2.611607,-0.651732,-0.706939,-185.720067
1.122741,-0.015417,0.438584,3.775972,61.369867
-0.538583,0.656528,-1.424056,-1.726751,-45.617897
-0.549619,0.367544,-0.448322,-1.362090,-19.840097
-0.242795,0.168215,-0.979499,-1.371453,-77.500267
-0.391698,-0.259300,-0.572586,-2.266278,-96.854212
-2.029001,0.403350,0.099845,-5.180456,-15.382300
-1.064296,0.245549,0.182758,-2.519033,-20.696750
-2.778881,0.439170,2.393777,-5.064526,51.234180
0.284499,0.357501,1.178990,2.747490,106.062128
0.417320,-1.500280,0.260626,-1.487976,-82.344058
0.194757,-0.534641,-1.089260,-1.574272,-72.478438
-0.109768,1.382786,1.217407,3.653674,186.743015
1.420704,0.128950,-1.021574,3.498438,18.367583
-0.424887,2.264534,-0.034931,3.219475,106.855304
1.701752,-0.373481,0.223076,4.581367,72.807865
-0.216524,-0.655426,-0.678802,-2.639226,-98.909378
0.362143,-1.165795,1.032072,-0.213089,11.223882
0.028476,0.236888,0.091315,0.650521,69.756595
-0.922593,-0.274908,1.843208,-1.474389,58.603254
0.253648,-0.342571,-1.107013,-1.031210,-60.957998
0.519817,-0.314130,-2.192996,-1.261806,-133.562205
0.349639,0.162442,-0.597696,0.776104,-1.919937
-0.243637,0.766829,-0.885467,-0.082722,-40.288949
1.320343,-0.679759,-0.344822,2.256687,25.651142
-0.028718,0.978860,-0.159519,1.712047,77.303622
1.518373,0.277267,2.045288,7.154941,163.518234
-0.010556,1.140907,1.156259,3.406404,171.525232
-1.103038,-0.383852,-0.256526,-4.333344,-115.623974
0.173361,0.515608,-0.955206,0.596093,10.205011
0.408068,1.226617,1.719983,5.397422,186.007387
1.350475,0.717259,0.250339,5.736282,141.072466
1.093730,0.367773,-0.960112,3.056624,31.477991
0.486554,1.761674,0.396797,5.379806,150.876854
-0.521799,0.274297,-0.667317,-1.684121,-41.290817
2.511813,1.987790,0.027121,11.538140,255.314475
0.721081,0.363495,1.017863,3.908096,115.902260
0.012552,0.756385,0.383897,1.934321,83.057890
-0.971117,-0.933440,0.384905,-4.395327,-11.380890
0.553437,0.674447,-0.406166,2.603040,57.997722
1.016796,0.456660,0.932742,4.896448,139.998501
0.823206,-0.515056,-0.974039,0.465469,-77.023919
-1.666005,-0.197160,0.916172,-4.476165,-44.870523
0.416281,0.528458,-0.600057,1.705700,26.946053
-0.487984,1.912912,-1.109403,1.252471,18.595059
0.712121,-0.131443,1.388476,3.261955,136.032707
2.205410,-0.524401,0.046947,5.614376,42.711473
1.014883,0.634124,-0.419136,3.893761,58.625646
-1.274101,-0.651430,-0.893116,-6.018279,-100.498483
-0.920581,-0.629454,0.011706,-4.008945,-103.373401
1.525736,-0.376377,0.309446,4.133902,77.644997
0.123098,-1.856246,-1.041451,-4.384647,-207.873435
0.332284,-0.528793,0.872809,0.812074,49.881569
0.151868,-1.629137,0.236529,-2.566142,-120.994275
-1.160117,-0.648791,-2.026529,-6.804461,-186.567764
-0.385824,1.372700,0.956461,2.544387,148.843348
-0.146014,-1.531270,-0.302931,-3.803513,-105.301917
-1.336462,1.045285,-0.128431,-2.047247,62.422865
0.221275,1.161919,-0.304883,2.682781,66.890380
0.332651,0.187330,0.186024,1.558635,12.570049
-0.074857,-0.241140,0.633068,-0.073783,49.314642
1.260969,1.712101,-0.464917,6.742190,132.144672
0.656717,0.378680,0.582117,3.309628,55.412651
1.435057,0.458237,-1.676699,3.544945,2.155159
1.636026,-0.915738,2.091739,5.168339,96.847719
-1.102809,-0.098371,-1.335732,-4.840902,-107.167274
-0.258329,-0.048839,1.004529,0.131864,49.167034
3.367824,0.446872,-1.303245,9.693973,49.672044
-0.830826,1.098404,-0.368688,-0.664358,54.473069
1.000759,-0.382905,-0.001853,2.234613,-23.486309
1.192995,2.063552,0.422320,8.128408,231.845887
1.282934,0.256643,0.471011,4.833099,93.067074
-1.657873,-0.573955,0.292940,-5.828590,-102.472012
-0.655004,-0.236690,-0.781977,-3.220367,-52.470679
-0.710605,-1.313427,0.433440,-4.325229,-47.050272
-0.237081,-0.301707,1.076233,-0.238424,19.740918
-0.243722,0.316929,0.700806,0.603498,43.939268
0.407839,0.391153,-0.238206,1.767616,41.076690
-1.479222,1.379485,0.144948,-1.533746,54.916775
0.091175,0.276332,0.201912,1.028100,30.242143
-0.034799,-0.105400,0.560976,0.245779,22.455396
1.294831,-0.835849,0.313103,2.525898,7.235059
0.074261,0.529805,1.446758,2.729151,114.555520
1.061784,0.338889,-0.539229,3.323901,48.130282
-1.368831,-2.184352,0.216398,-8.258797,-182.977544
-0.424579,0.533052,-0.084933,-0.292567,-7.772944
1.517415,0.807501,-0.139426,6.027820,91.694267
-0.166578,-1.509351,0.691193,-2.827244,-63.163781
-0.186807,-0.536771,0.283476,-1.350488,-45.313145
-0.017300,-1.173783,-1.028472,-3.427937,-151.482459
-1.607215,-1.531909,-1.064912,-8.950376,-197.937245
-0.984800,-0.333927,0.243860,-3.378394,-44.552143
-1.752963,0.803926,-1.058909,-4.709946,-64.728689
0.787250,0.709449,-1.248027,2.532622,-22.172141
0.773190,0.849875,1.616759,5.636078,190.334845
-0.423117,0.853521,-0.264575,0.173116,65.360761
1.140695,-0.269888,0.580769,3.463078,32.336041
-0.533728,-0.234387,-1.682943,-3.752901,-111.612384
0.966684,-0.965576,-0.346275,0.622625,-43.839921
0.471098,0.432682,0.130445,2.409104,46.968577
-0.207606,1.038547,-0.247455,1.206823,39.742432
1.238987,-1.186651,-0.294265,1.049395,-45.931220
0.360365,0.457853,0.368110,2.364910,27.196420
-0.629753,-0.118192,0.729911,-1.395732,30.907954
-0.974552,0.983296,0.431287,-0.525778,102.634664
0.454951,0.509998,0.668854,3.053702,108.557106
-1.857790,0.181271,1.071563,-4.139265,19.706374
-0.811896,-0.265568,0.390528,-2.576296,-9.718492
0.368382,1.191874,1.175936,4.664828,155.706508
-1.080876,0.331035,0.882406,-1.698152,41.216668
0.716436,-0.313584,0.030647,1.552787,10.544560
0.088589,-0.272250,-0.667448,-0.946180,-77.669593
-0.458625,0.105676,1.238714,0.074191,83.909502
-2.070967,0.776957,-0.130516,-4.789503,-48.686702
-0.137238,-0.172084,0.291206,-0.464675,-17.311254
0.374019,-1.134391,1.847207,0.700481,47.849838
0.190633,0.045876,-2.878525,-2.214874,-164.263198
-0.719188,0.923100,-0.376400,-0.687764,15.304190
-0.715822,-0.867813,1.058920,-2.824172,-8.842597
-0.314935,1.120607,-1.031355,0.265056,13.048522
0.432298,0.983866,-0.314428,2.950198,55.122235
0.306409,0.515933,0.736043,2.687136,110.938279
-1.349280,1.100148,0.270277,-1.577269,39.287879
1.165097,-0.965851,0.652536,2.216125,54.597864
-1.666278,-0.487540,-0.040476,-6.014391,-59.249136
-0.510717,-0.152353,1.447578,-0.389280,52.433376
-0.387333,-0.202016,-0.331762,-1.897795,-33.130269
-0.486977,-1.306489,1.129742,-2.944166,-36.150299
-0.616164,0.089830,-0.334255,-2.003088,-46.611408
-1.389048,1.504993,0.539407,-0.617749,78.779205
0.919502,0.687922,1.351399,5.485750,178.580470
2.857297,0.935760,1.567361,12.010772,267.907037
0.711724,1.856763,-0.947337,4.901363,62.861956
-1.113084,1.238682,0.221106,-0.640781,35.826508
-1.130378,-2.436619,-2.028449,-10.292821,-341.629849
0.064963,-1.111030,-0.336902,-2.364072,-76.752214
0.389127,1.514494,0.231591,4.427959,135.111224
-0.377059,0.813179,0.710860,1.206040,76.791744
-2.020582,1.861688,-0.083038,-2.421407,58.657850
-0.599229,-1.167869,1.443602,-2.689823,-25.708121
2.103041,1.529463,1.736291,11.104339,245.821631
0.931060,0.718288,-0.284559,3.945196,72.595249
-0.215627,-0.306036,1.240266,-0.018686,12.281584
0.032986,-2.379698,-1.290497,-5.950936,-246.305227
-0.682283,0.096903,-0.095692,-1.948734,-0.048220
0.618429,-0.418358,-0.403470,0.615099,-11.013854
-0.072405,-1.374996,-1.036655,-4.003862,-136.979008
0.235797,-0.790680,-0.759793,-1.633762,-74.621748
0.279163,2.429397,0.490811,6.187093,192.580893
0.401646,-0.160150,-1.194949,-0.310310,-78.125136
0.271867,-0.037403,-2.482797,-1.742002,-135.035763
0.178697,0.833376,-1.270609,0.932235,7.208210
-0.534224,-0.131593,0.358646,-1.507211,11.506378
-1.133164,-0.767606,0.565573,-4.369131,-56.414216
1.690532,0.811908,-0.698799,5.996613,70.597735
-1.438109,-0.595067,-1.167188,-6.671648,-118.846716
0.267293,0.384669,-1.202924,0.368292,-52.048171
-0.271215,0.440647,-0.258484,-0.190836,-18.858567
0.309452,-0.051102,-0.576598,0.249555,-46.303411
-1.820209,0.735652,0.347139,-3.642184,13.826207
0.868613,1.440614,-0.205483,5.281584,111.585147
0.924275,-0.708536,1.265679,2.621433,38.069975
-1.361502,-1.754457,0.102094,-7.491327,-154.594762
1.735442,-0.365765,-0.054969,4.419827,40.529503
-0.692799,1.348969,-0.521177,0.098362,52.241706
-0.957803,-1.614647,0.259762,-5.842940,-127.643825
0.863032,-0.222468,0.484901,2.629061,22.080279
0.855215,-0.600810,0.463373,1.827396,45.106739
-1.191840,-0.140448,-1.477476,-5.333893,-159.262215
-0.724450,1.589513,1.779614,2.785288,216.417976
-0.998197,-0.715245,-1.028047,-5.453127,-122.399260
1.693593,1.505999,-0.410141,7.682636,128.024787
1.034517,0.173444,0.289462,3.739901,61.292262
1.142392,2.156635,-1.164462,6.575984,139.051604
0.412873,1.103999,0.941371,4.387989,147.283917
-0.830018,-1.276591,1.246925,-3.796312,-6.189740
0.147591,-0.102131,1.442994,1.681505,80.443376
0.911784,-2.009451,-1.462059,-2.745608,-187.926820
0.387027,0.577376,-1.262292,1.053540,39.025719
-0.020365,0.833676,-0.840150,0.766107,-11.042370
0.559926,-1.075789,-0.160035,-0.631837,-47.752974
-0.399960,0.363336,-0.328363,-0.801571,26.710466
0.148074,-0.243462,-1.218141,-1.260842,-69.320871
-1.071106,-0.700822,-0.149306,-4.764268,-62.969930
-0.685704,0.929834,-1.511496,-1.708939,-53.326163
-0.100397,-0.267339,1.480455,0.644588,63.578420
-1.273980,-0.674567,-0.528622,-5.699699,-51.568931
-0.422343,1.162664,-0.138837,0.919462,35.742284
0.198360,-0.618440,-1.344240,-1.986041,-123.055139
-0.253412,-0.141307,0.141487,-0.901363,-10.069604
0.552896,0.419816,0.419412,2.917733,59.483056
-1.445779,0.099240,1.609923,-2.528934,80.407255
1.362773,-0.859422,-0.580464,1.789011,-27.523130
0.761353,-0.898741,-1.505281,-1.018703,-135.803021
-0.750507,0.407658,0.311635,-1.124570,-3.652399
1.730998,-0.753460,-0.466468,3.219606,-19.543284
-0.063639,0.216184,0.098398,0.339849,28.793404
0.660120,-2.390649,-1.366751,-4.167689,-184.666465
-0.295839,-0.271704,-0.860642,-2.291566,-69.668787
-0.145141,0.265029,0.204342,0.298976,42.050139
-2.148596,0.809532,0.468855,-4.357870,27.402179
-1.487547,0.246371,-0.122239,-4.092138,-33.903975
-0.212316,2.093416,1.126300,4.676184,192.963886
0.481206,0.760367,1.975192,4.939544,197.095531
0.949324,-0.915999,-0.457872,0.558102,-61.022984
1.022078,0.690512,1.227877,5.675135,156.703977
-0.112006,-2.057578,-1.739972,-6.191147,-241.829488
0.252885,0.122710,-0.179567,0.824508,-13.907948
-0.616449,-1.635278,0.418960,-4.700941,-76.980227
0.022932,-0.007346,0.550387,0.604493,37.822429
0.790362,-2.336669,0.068758,-2.233495,-103.578016
0.440368,-1.210082,-0.331803,-1.430864,-70.112276
0.895370,1.505795,0.918235,6.615935,175.470416
-1.127334,-0.210190,0.467938,-3.334443,-53.156248
-0.057611,-0.308778,-1.115592,-1.905982,-61.079727
0.344599,2.695971,1.093644,7.519382,273.974890
-0.683469,0.152584,0.248498,-1.496740,27.743861
-0.804947,-0.265668,-1.113550,-4.059729,-112.696196
-0.982113,-0.805619,-0.300536,-4.858113,-114.218637
-1.638755,-0.980508,0.285933,-6.591347,-120.059196
-0.041621,-0.006069,0.193067,0.056065,6.327885
0.975133,0.599224,0.275254,4.399101,49.119147
-1.130630,-1.768846,0.075552,-6.854028,-143.487190
0.905645,-1.559974,0.552429,0.149416,-47.652813
-0.204596,0.166375,-0.748677,-1.029715,-70.247756
0.774620,-1.921708,1.376784,-0.142772,-25.235527
0.574577,-0.683168,0.775680,1.133075,3.484414
0.611927,-0.100773,0.257768,1.892003,63.244634
1.275747,-0.809989,1.690964,3.898227,122.438075
-0.999403,-0.280559,0.871902,-2.687424,-29.094998
-0.709220,1.083646,-0.759157,-0.719526,5.665874
-2.062599,-0.848868,-0.275529,-8.161063,-141.113282
1.059888,-0.902938,-0.113700,1.260089,-44.123702
-1.307799,1.285309,-1.580625,-2.933405,-47.347510
-0.816735,0.276832,-0.400014,-2.296554,-41.301530
1.164827,1.045304,0.523270,6.108360,142.186421
-1.358657,0.043666,0.409788,-3.578851,33.356460
-1.002383,-0.796617,-0.345888,-4.946272,-112.669456
-0.125450,-0.392636,-0.401765,-1.563387,-56.596103
0.564836,1.030037,0.602863,4.357447,109.747351
-0.491061,1.159324,0.656501,1.501965,98.124134
-0.615086,0.314697,0.270645,-0.945218,16.184771
-0.358804,1.286450,-1.095369,0.401119,15.444733
-1.196204,-0.292785,-1.279273,-5.453455,-143.787132
0.187310,-0.576126,-0.442832,-1.033154,-44.448171
-0.230702,0.326559,-0.453386,-0.492374,20.482155
0.551587,1.112268,1.387068,5.266364,148.949124
1.409514,-0.613503,-0.632344,2.369190,-20.722885
0.942591,-0.559503,0.348914,2.057681,6.192996
-2.057545,0.265729,-1.041710,-6.682885,-103.945615
0.593585,0.581391,-0.756495,2.187042,32.079740
-0.537088,0.098271,1.907015,0.492293,94.000472
-0.416065,1.774858,-0.641912,1.659609,37.246677
-0.681718,1.195955,-0.733959,-0.387202,23.084469
-0.158111,0.696561,-1.374864,-0.456073,-33.628531
0.530858,-0.589391,1.426429,1.840221,56.515585
0.007591,-0.524946,1.411885,0.384765,62.603349
0.177412,0.747591,0.173785,2.201204,65.151838
-0.690806,0.435560,-0.291686,-1.492984,-9.309054
-1.909001,1.279158,-0.772102,-3.940789,-27.850916
-0.486017,-0.985549,-0.848315,-4.277465,-148.609387
-0.496401,0.511696,-0.254227,-0.720038,-1.471885
-2.924404,-1.462750,1.326305,-10.372408,-99.328314
-0.117738,-1.181929,0.618707,-2.098364,-29.091523
0.704922,1.867789,-0.484448,5.365898,134.723275
-0.145010,0.856509,0.420232,1.698221,62.470763
0.522411,0.152051,-2.511321,-0.639986,-107.105105
0.241333,-1.484947,0.258118,-1.987775,-66.943209
0.968386,-1.252676,-0.206043,0.193765,-51.592530
0.043094,-1.000879,0.073597,-1.798881,-49.904451
0.188956,0.213706,1.282151,2.276429,78.649270
-1.092741,0.325291,-0.525057,-3.152697,-70.513263
-0.931878,1.553204,0.546594,0.857368,110.435483
-0.576418,-0.189536,0.350149,-1.758177,-3.953918
0.148600,-1.514205,-0.956279,-3.538888,-103.460308
-0.252107,0.995083,-0.795647,0.438197,-31.131700
0.795798,-0.392175,2.016030,3.619075,79.729725
0.551460,-2.337221,-0.087447,-3.107511,-173.110500
-0.567168,0.442275,1.085064,0.268110,52.994949
-0.056255,0.454733,-1.246731,-0.506030,-18.029540
1.287802,-1.033613,0.531989,2.328170,2.370579
0.240423,-0.786166,0.011910,-0.839154,-60.139499
0.950081,1.637382,0.978653,7.103661,197.711507
-1.384480,-0.274575,0.031272,-4.671317,-39.996414
0.933290,-0.988122,-1.084439,-0.260814,-84.179851
0.090894,-1.561037,-0.339522,-3.188915,-155.091340
-0.283027,-0.719021,0.408840,-1.878281,-37.181833
0.975602,-0.341077,-0.266423,1.978229,-48.222126
0.335552,0.667717,0.060953,2.403042,49.795433
-0.464377,0.888132,-0.308231,0.074902,6.750779
0.503948,0.439941,-1.537392,0.854334,-68.984242
0.788775,-1.636674,0.128670,-0.778352,-57.074158
-0.135960,0.262445,1.183620,1.300631,58.304082
-1.649614,-0.842022,-0.994711,-7.627598,-191.527650
-2.312509,1.311360,-0.677588,-4.992393,-14.046891
0.663152,-0.452809,-0.663538,0.420301,-17.023053
-1.367990,0.741216,-0.349341,-2.970879,-44.598066
0.978456,-0.070747,0.254116,3.047988,47.609649
-1.077025,-0.527093,-0.555672,-4.840934,-105.419852
-0.085065,-0.705372,-0.547592,-2.213531,-77.471857
-1.068191,2.125994,0.848232,1.895649,148.691259
-0.151755,-0.592341,1.210457,-0.429489,20.637329
-1.312833,2.045205,-0.316814,-0.164902,77.677238
0.856340,-1.057778,-1.127862,-0.674398,-85.384009
-0.013136,-1.925721,-0.003581,-3.894432,-138.062047
0.295083,0.943265,-1.470136,1.301644,-11.500685
-1.451853,-0.124470,-1.153514,-5.758015,-94.072570
-0.591485,-0.882092,-0.013515,-3.552153,-94.347492
0.515102,0.406229,-0.824810,1.532954,9.031647
0.279873,-0.017828,0.468916,1.272877,4.752224
-2.098181,-1.240998,-3.317022,-12.093561,-338.536445
-1.610128,-0.857534,-0.094733,-6.640184,-119.632424
0.685600,-1.623370,0.805600,-0.384341,-11.824645
-0.240198,-1.688503,-1.580955,-5.678555,-203.990177
-0.158815,-0.442100,-0.571219,-1.931864,-62.737820
0.685302,0.272889,-1.561866,1.039819,-45.230867
0.379015,-0.174684,-0.182853,0.604824,10.745755
0.994309,1.889601,1.129605,7.891734,240.958278
1.051574,1.147298,-0.777426,4.671891,101.867368
-0.966058,-0.810702,1.768342,-2.751234,36.561900
-0.916267,-0.599024,1.652262,-2.294588,48.918949
0.043119,0.470726,0.779096,1.849906,76.246943
2.167463,1.670631,0.903534,10.747186,241.008022
-2.448232,0.091189,1.186159,-5.976158,-1.647244
-0.157468,0.662138,-0.258642,0.593232,19.337395
-0.887234,1.344386,1.520963,1.548034,127.911134
-0.788981,1.260507,-0.376957,-0.222887,61.396555
0.921139,1.839736,1.380766,7.823653,261.363366
1.713367,0.173920,0.640679,6.128619,102.814888
1.771373,-0.353524,-0.309182,4.297891,1.766126
0.802237,-1.269349,-0.931577,-1.063564,-91.380714
-0.527387,-0.774163,0.774767,-2.355719,-30.799291
-0.484451,0.954115,2.037814,2.492690,175.244733
-0.076853,1.140274,0.691907,2.741897,63.425333
0.139497,-0.549399,0.112115,-0.568193,-1.163818
0.779953,-0.373830,-0.231757,1.360443,-1.175180
1.506533,-0.236971,0.717109,4.762766,61.069963
0.331011,1.380254,-1.048771,2.704772,38.474727
-0.499615,-0.869185,-0.003203,-3.240418,-46.094255
-0.100858,-1.076375,-0.475242,-2.930566,-102.715704
-0.497206,-0.336664,2.020809,-0.144136,85.625367
0.366244,-1.901372,-0.101845,-2.805856,-161.744882
-0.573975,0.963641,-0.918672,-0.713315,-7.508831
0.534391,-0.966593,0.057255,-0.272759,-30.144539
0.483758,-0.184793,-0.104504,0.977183,-27.856477
-0.396956,-0.426062,0.593946,-1.449046,-26.695856
0.529578,-1.148628,0.286128,-0.422396,-62.911049
0.284818,0.068156,-0.070595,0.920173,2.213998
0.330191,0.618402,2.302511,4.529889,155.462447
0.524890,-0.239789,1.356259,2.451350,51.062114
-1.192344,-1.228033,0.339014,-5.694083,-126.377434
1.402286,0.153470,0.724226,5.238024,124.402113
0.360922,-1.209132,-0.124882,-1.460380,-72.679585
1.448150,0.589107,-0.377621,5.145041,61.502014
-1.528801,0.453588,-0.155481,-3.834708,-28.405388
0.294682,-0.533208,-1.046909,-1.229280,-48.358275
-0.552753,-0.369367,0.445127,-1.951865,10.516650
-0.317407,-1.508679,0.135803,-3.833774,-66.362466
0.835458,-1.228378,-0.927463,-0.877845,-93.839586
0.355100,-0.371800,-1.096328,-0.774627,-46.777832
-0.563370,0.600323,1.826251,1.336785,120.654013
-0.739765,0.403244,-2.307609,-3.720418,-87.847714
0.151758,1.220760,-1.083644,1.813149,20.011377
-2.068350,-1.126300,-0.980208,-9.437857,-196.315994
1.018382,0.602425,0.374533,4.634531,57.733783
0.216894,2.048363,-0.012784,4.734624,102.188811
-0.738134,0.331673,0.022441,-1.528614,-20.241210
-0.714667,0.830831,-1.406015,-1.888355,-19.058772
0.273014,-1.812925,-0.399902,-3.206710,-122.507841
-0.101786,0.788736,1.817964,3.090077,146.652996
1.660023,-2.493286,-0.119114,-0.125616,-84.855188
0.187545,1.360810,0.548287,3.832543,106.573684
-0.085193,0.468562,-0.138934,0.542610,-26.231444
-0.965781,0.820795,0.927797,-0.327957,34.382827
0.243615,0.457647,-0.815140,0.830999,-11.484949
-0.740780,-0.755901,0.118625,-3.615515,-63.229697
-0.466984,0.379317,-0.685393,-1.327711,-8.999055
-1.179363,0.822526,0.658607,-1.234431,61.100716
0.681929,-0.339862,-0.222738,1.143326,-20.663622
2.089979,0.392616,0.057294,7.112463,110.695075
-1.596321,1.161713,-1.368854,-3.834392,-56.287292
1.963499,-1.220816,-0.923963,2.524902,-63.414203
-0.425196,-2.301999,0.415637,-5.463949,-114.020196
0.555592,-0.674490,1.240715,1.558511,46.514014
-0.533666,2.503438,-0.195741,3.210138,141.038833
1.905665,-0.353559,1.080608,6.090487,91.497284
0.161150,0.014763,-0.420374,0.092604,-49.925500
1.092596,0.481958,0.516122,4.757826,86.291385
0.021799,0.598452,-1.025626,0.236674,-39.074614
0.729865,0.466288,0.057510,3.179681,68.497207
-0.366290,-0.188928,-1.138381,-2.615107,-82.599288
0.028495,0.011384,1.645104,1.753359,99.132768
2.594408,1.609210,-1.200095,9.801549,158.322737
-2.210720,-1.735551,-0.560506,-10.663767,-219.211979
0.212762,-0.214705,-0.853478,-0.644603,-88.195490
-0.619230,-0.740901,-0.538490,-3.877982,-95.406117
2.376073,-0.428174,-0.805528,5.466343,28.122184
-0.212161,0.386809,0.406657,0.543792,39.555812
-2.129475,-0.445020,-0.542292,-7.820755,-167.254572
1.117662,0.031890,-0.031165,3.385602,9.580398
0.616459,-3.103170,-0.954743,-5.311707,-252.186400
-1.332431,0.035365,0.317882,-3.608679,-3.554815
1.573662,0.434004,1.205377,6.794371,154.641396
2.467447,-0.250483,0.228421,7.129795,90.255029
-1.194047,-1.935250,-0.487581,-7.940222,-191.728534
-0.440643,0.487863,-0.797330,-1.143533,-28.109306
0.352281,0.921870,0.443869,3.344452,92.199467
-2.279825,0.009495,0.043126,-6.777359,-76.466175
0.971216,0.213385,-0.559915,2.780502,1.591313
0.654551,-0.729547,-0.457456,0.047104,-49.988349
0.182186,0.529172,0.922218,2.527119,98.224935
-0.126378,-1.288768,-0.388552,-3.345222,-111.785970
0.459506,1.381750,-0.434536,3.707481,83.941614
-0.033262,-0.578650,1.026205,-0.230882,57.291864
0.040078,-0.829160,2.356427,0.818341,87.470835
0.758812,0.027424,1.406500,3.737784,95.907082
-0.826103,-2.066888,-0.878002,-7.490088,-259.246828
2.312566,-0.425822,0.124549,6.210605,57.515482
1.085460,0.763776,0.153614,4.937548,88.346155
-1.313106,-0.834297,0.325535,-5.282377,-85.851321
-0.246345,-1.372384,1.572393,-1.911409,-3.769849
0.621236,0.702688,0.103655,3.372741,66.666544
2.503015,0.691369,1.578582,10.470365,213.332616
-0.103191,1.121385,-0.326926,1.606270,79.205110
0.410113,-0.061154,0.064514,1.172544,17.055338
-1.187092,0.220477,-1.378660,-4.498983,-104.007698
1.085609,1.594433,-0.681848,5.763847,126.385136
-1.655321,0.492294,0.748899,-3.232478,24.165312
-1.766474,-0.502645,-1.983764,-8.288475,-241.743378
-0.168465,1.621744,0.956362,3.694457,201.650402
0.521692,1.396406,-0.735229,3.622660,54.576706
-1.068068,-0.376661,0.735897,-3.221626,-6.036917
-0.252310,0.331254,0.909456,0.815033,33.230676
-0.858986,-0.572232,2.048112,-1.673309,24.673769
-0.125670,1.442578,0.186548,2.694692,81.718940
0.249581,-0.971049,1.609705,0.416350,9.944346
0.551392,-0.051443,-2.827979,-1.276689,-163.520879
-0.308911,0.030592,0.250215,-0.615334,-6.542161
-0.009858,0.503718,-0.572415,0.405446,8.714219
1.243397,-2.288921,0.204879,-0.642773,-104.637275
0.092820,-0.341144,1.156204,0.752378,73.016549
1.104855,-1.051840,0.104823,1.315707,-3.945055
-1.599859,-1.535558,-1.269951,-9.140646,-221.590745
0.491943,0.594275,-0.134880,2.529499,70.492349
-0.692537,0.816190,2.187883,1.742652,152.173649
-1.491116,2.028679,0.803082,0.387092,112.358377
-0.055549,1.724820,1.382703,4.665694,240.418681
-0.016597,-1.407635,0.291089,-2.573974,-93.540324
-0.850204,-0.211428,-1.375393,-4.348861,-103.839495
-0.775385,1.380602,-0.890769,-0.455720,21.599962
0.567214,0.464319,1.175190,3.805470,133.210933
1.018385,0.304892,0.556350,4.221289,82.505401
0.366131,-0.380836,-0.615472,-0.278750,-60.255154
-0.550083,-0.425591,0.352897,-2.148532,33.343553
0.136306,-0.157305,0.353342,0.447648,28.890851
-0.587357,-0.344412,-0.149939,-2.600836,-36.636151
0.497358,2.301387,-0.409762,5.685086,187.118873
-0.604737,0.642440,-0.618973,-1.148306,3.918641
-1.219392,0.202224,1.212326,-2.041404,34.327786
-0.629256,1.253066,-1.292692,-0.674330,-22.831384
-0.236064,-0.383452,1.809266,0.334172,67.841498
1.122512,0.907769,2.031372,7.214446,217.778754
-0.359392,0.321013,-0.312252,-0.748403,11.590769
-0.448669,-1.844072,1.038572,-3.995580,-84.154541
-2.302806,-0.734884,-0.647385,-9.025571,-164.948562
0.281855,0.297033,-0.504984,0.934646,31.531782
1.438547,-1.696952,-0.509885,0.411852,-123.681515
-0.705553,0.018065,-0.364722,-2.445252,-54.547150
-1.322501,0.796784,1.242457,-1.131480,91.175742
1.529977,-0.442768,-1.944054,1.760341,-42.630492
-0.958788,0.215518,-0.991302,-3.436631,-45.649660
-0.508950,0.959878,-0.160524,0.232380,54.009674
1.355313,-0.243431,0.738495,4.317573,53.496273
-1.230961,0.037812,1.033833,-2.583427,30.742948
-0.394228,1.686168,-0.965222,1.224429,48.953565
-0.532817,-1.504356,-0.763433,-5.370598,-158.556918
-2.941374,-0.800834,-0.145247,-10.571035,-135.074737
-0.949630,0.841930,-0.543055,-1.708087,-14.794534
-0.413644,2.287898,-0.408137,2.926726,113.701190
-0.022860,-1.328987,-0.034988,-2.761542,-93.092889
1.605238,0.887426,0.545487,7.136052,132.412304
0.259496,1.758802,1.407626,5.703718,227.469255
0.645039,-1.440036,0.282945,-0.662009,-96.058547
1.607351,-0.092830,-0.027547,4.608847,31.805818
0.166540,0.851816,0.757682,2.960935,72.498561
-0.160090,-0.646650,-0.544060,-2.317629,-66.384742
1.184463,0.147363,0.657840,4.505955,91.875221
-0.375488,0.403436,0.548942,0.229349,65.699550
1.482329,0.883315,-1.782836,4.430781,-10.698058
-0.054258,0.944155,0.322926,2.048461,78.899925
0.640726,0.844283,-1.865285,1.745459,-20.611603
0.523030,1.017668,1.458302,5.062730,206.797142
1.847736,-0.144428,-0.188649,5.065701,30.988883
0.455994,1.734548,-0.554994,4.282083,95.133623
0.585051,0.272221,0.482901,2.782497,46.778698
0.670324,-0.412690,-0.401782,0.783809,-46.353107
0.470941,-1.132787,-0.059608,-0.912360,-49.374870
-1.432705,1.015130,-1.902916,-4.170770,-85.003203
0.313719,1.274699,-1.214358,2.276198,38.433984
0.872731,0.543734,0.643741,4.349401,125.085423
-0.427898,0.033184,0.118618,-1.098709,20.976297
-0.486621,0.856495,-0.096206,0.156922,2.239494
0.835347,1.376334,-0.060906,5.197802,92.954553
0.089294,1.113769,0.272991,2.768410,105.065168
-0.107161,-2.287853,0.961083,-3.936107,-123.875628
0.937673,-1.486911,0.382225,0.221423,-41.196399
-0.028250,-1.148412,0.844431,-1.537145,-25.726708
0.661681,1.621079,0.664742,5.891945,214.819489
-1.479152,1.435427,-0.188859,-1.755461,29.210255
-1.154455,0.471853,2.074421,-0.445238,115.135150
1.112045,-0.382451,1.268543,3.839776,82.411730
1.644037,0.136004,-0.604536,4.599584,32.039309
-1.507601,-1.257398,-0.560967,-7.598567,-161.052146
0.210024,1.667106,-1.151065,2.813219,43.590635
0.074130,-0.175461,0.110861,-0.017669,-27.928449
0.006180,-0.231033,-0.768391,-1.211918,-63.932396
1.109236,1.522979,-0.537789,5.835874,91.754104
0.636715,-0.245218,-0.081935,1.337774,-29.181288
0.473925,0.547936,2.196625,4.714273,179.786656
0.934685,1.023570,0.032238,4.883432,104.353134
-0.769048,-0.345078,-1.094468,-4.091768,-134.525091
0.392695,-0.833690,-0.184890,-0.674185,-26.386933
-0.461975,-0.857438,0.514981,-2.585819,-51.596149
-0.796141,-0.113387,-1.233267,-3.848466,-121.713748
1.233108,-2.263035,-0.657923,-1.484670,-142.575175
0.172342,0.878379,0.428878,2.702662,80.687457
-2.216612,0.287136,-0.212650,-6.288214,-69.760019
1.914317,1.182984,-0.359213,7.749707,119.171034
1.612492,-1.188477,0.439779,2.900302,-2.851444
0.557381,-0.615732,0.788684,1.229365,-23.752779
0.037334,-0.253128,-2.025369,-2.419624,-150.237924
-1.701714,-0.670467,-0.251650,-6.697725,-107.711419
-2.694393,0.502410,0.431598,-6.646759,-16.066670
1.827496,0.679784,-0.321479,6.520579,77.001296
2.112130,0.123262,-0.689763,5.893152,49.552572
-1.852400,0.571900,1.799456,-2.613945,91.902660
0.319212,0.379552,1.228563,2.945302,98.476875
-0.282252,-0.555437,1.153291,-0.804338,29.011453
-0.387755,0.758207,-0.236107,0.117041,13.258713
-1.085569,-1.826016,-0.360642,-7.269382,-155.686463
1.821370,-1.338170,-0.816320,1.971448,-88.076157
-0.345708,0.462468,-0.618457,-0.730644,-30.527630
0.269169,2.911685,-0.078664,6.552213,185.229585
0.657046,0.116373,0.811542,3.015424,96.091081
0.482943,-0.550372,-1.613688,-1.265603,-132.874720
0.942935,1.008349,-1.153673,3.691830,21.157037
-0.444548,-0.210127,-0.316841,-2.070739,-76.700497
-0.198897,-0.106723,0.639024,-0.171113,45.500419
0.337177,0.511600,0.867316,2.902047,70.886512
0.316379,-0.473949,-0.325863,-0.324624,-21.045287
-0.876945,1.369201,0.074436,0.182003,65.097692
0.997968,0.336354,-1.232590,2.434022,-26.882077
-0.899479,0.469984,-0.752330,-2.510799,-73.396836
-0.337695,1.750089,0.129197,2.616291,106.785887
0.361542,0.048491,-0.599885,0.581722,-37.934333
0.005808,0.116415,0.784067,1.034321,38.332771
-0.357618,0.638185,-1.399105,-1.195589,-36.937139
0.032464,-1.452478,-1.210984,-4.018549,-194.090996
1.443348,0.316946,0.220858,5.184795,102.759076
-0.719766,-0.465131,0.028747,-3.060813,-46.573260
1.259517,0.000169,0.947972,4.726861,76.692808
0.963397,-0.254751,-1.818038,0.562652,-72.534277
-0.303288,1.049607,1.358027,2.547378,147.518709
0.432600,-0.028599,0.675488,1.916091,53.711867
0.775859,0.209288,-1.321596,1.424557,-44.067542
-0.909197,0.800476,-0.327031,-1.453669,16.341132
0.870418,0.276516,-0.470946,2.693339,12.477925
-0.720402,-1.218880,0.556135,-4.042830,-103.758062
-1.697366,-1.648521,-0.377961,-8.767102,-208.126582
-0.408438,0.830212,1.147278,1.582390,79.588505
0.927726,0.108562,1.184898,4.185199,61.820830
1.427712,-1.885699,0.235377,0.747117,-64.881964
-1.037175,1.561053,-0.385726,-0.375145,16.787740
1.313855,0.459120,-0.768011,4.091792,2.994864
2.366080,0.225113,0.763804,8.312270,150.401394
-2.225105,0.143535,0.749290,-5.638955,-17.870132
0.239078,1.751870,-1.545456,2.675518,52.862526
-0.558927,-1.388789,1.921131,-2.533229,21.508902
-2.018282,0.864256,-0.309145,-4.635478,-23.038974
1.836589,0.036851,-1.118764,4.464706,25.647844
-1.412931,-0.084589,-1.215450,-5.623421,-85.656770
-0.420518,0.159438,-0.258766,-1.201444,-42.354909
-0.375127,-0.821102,-0.084421,-2.852006,-93.903517
0.309266,-1.669691,0.602041,-1.809541,-60.735956
0.134356,-1.635946,0.377436,-2.491388,-110.984265
-1.650526,-1.020136,-0.980558,-7.972407,-147.728085
-0.812491,0.771960,2.099390,1.205839,122.519242
0.067975,-1.437348,-2.323580,-4.994353,-236.341527
-0.197185,0.000151,0.678822,0.087570,42.500428
2.140962,-1.246737,0.295721,4.225134,30.561397
-0.947640,0.203597,0.982761,-1.452964,34.919563
-1.879358,-0.581508,1.223205,-5.577885,-7.380750
0.433372,-0.998243,-0.507818,-1.204189,-60.175875
1.764814,-1.353050,0.649019,3.237362,13.920048
-0.311419,0.216808,-2.177900,-2.678539,-139.606582
0.331719,1.772678,0.878828,5.419341,182.677762
-1.655973,-0.386496,1.939125,-3.801785,48.817400
-0.217696,-0.352730,-1.033619,-2.392166,-97.720114
-0.731419,-0.509662,-0.443751,-3.657332,-95.644226
-1.058571,-1.886839,1.035954,-5.913437,-121.267039
-2.285489,-2.384164,0.238432,-11.386362,-217.586355
1.363951,-1.370537,-1.458264,-0.107484,-186.952983
-0.836729,-0.096993,-1.130578,-3.834749,-86.853158
0.393200,-0.499893,-0.445778,-0.265965,-31.916549
-0.534649,0.683540,1.388462,1.151595,96.115309
-1.510953,0.657671,1.469001,-1.748515,80.838268
0.865106,0.399337,0.386980,3.780974,123.432038
0.617916,-0.639111,0.794869,1.370394,3.735862
0.088474,-0.835866,0.689629,-0.716681,17.927417
0.150747,1.273142,-0.350039,2.648484,87.989034
-0.068867,-0.189568,-0.148836,-0.734572,27.167731
0.745851,0.292034,0.829202,3.650820,106.874505
2.271972,0.199262,-0.319144,6.895297,71.638618
0.090449,-1.264990,-0.018234,-2.276869,-51.060568
-0.703924,-0.451672,-0.671497,-3.686611,-101.277105
0.223845,-0.713635,-0.377410,-1.133146,-94.930655
0.375830,0.350160,-0.388117,1.439695,-30.555925
0.954028,-1.067448,-0.413186,0.314001,-92.223749
0.488267,1.485958,0.194072,4.630790,138.296995
-0.373880,1.364190,0.460486,2.067226,88.925967
-0.707479,0.013762,-0.702799,-2.797713,-30.817960
-0.027535,0.323702,-0.286634,0.278164,7.006264
0.796408,1.978619,-1.694905,4.651558,56.971938
0.876468,-0.235298,1.177686,3.336494,86.511682
1.745446,-1.038975,0.211986,3.370373,14.321364
0.139993,-1.565075,0.648705,-2.061465,-44.534795
1.348479,-0.276473,1.189527,4.682019,76.937532
-0.028128,-1.017574,-2.304107,-4.423637,-226.010328
-0.100286,0.302878,-0.159449,0.145449,18.856213
0.246112,0.817493,1.124402,3.497723,103.330819
-0.306813,2.013504,1.412684,4.519253,203.623273
-1.254786,-0.724172,1.433132,-3.779571,17.979606
-1.947622,-0.762552,0.160489,-7.207482,-90.538709
-1.053235,-0.360824,-0.358108,-4.239463,-78.330040
-1.268677,-1.213796,-0.575204,-6.808825,-139.317913
0.129396,-0.428106,-0.281194,-0.749218,-30.127824
-1.591951,1.999875,-2.487007,-3.263110,-48.549688
0.465299,-0.729281,1.410022,1.347356,21.978354
-1.401739,0.824782,-0.658709,-3.214363,-62.597972
0.318450,-1.298797,-0.271116,-1.913358,-69.660211
-0.783534,0.855476,0.044170,-0.595480,38.102809
-0.315841,0.829450,0.411450,1.122826,68.369489
1.606391,0.793489,-0.621764,5.784386,95.215652
-0.464928,-1.130165,0.721966,-2.933149,-92.689251
-0.851528,0.278800,-0.828667,-2.825653,-44.474947
0.438043,-1.152246,-1.610242,-2.600604,-158.093730
-0.399155,-0.361415,-0.219386,-2.139681,-29.197705
-0.769227,-1.444821,-0.368961,-5.566284,-174.492881
1.444906,-0.737708,-0.043918,2.815384,-29.012783
1.389773,0.260682,0.738775,5.429458,94.339531
0.731987,-1.166939,1.412526,1.274607,64.350770
-0.598243,2.050434,1.791179,4.097319,198.066780
0.712071,0.278870,-0.855939,1.838013,34.024662
0.883846,1.412797,-0.641240,4.835892,72.242747
-0.842252,-2.326529,-0.492962,-7.672777,-201.795045
-0.969001,-0.165641,0.323501,-2.914785,16.857632
-1.344296,0.735720,-0.601986,-3.163434,-30.375298
1.556657,-0.123462,-0.391791,4.031257,31.196857
-1.097143,-0.430932,0.517129,-3.636165,-23.360920
0.518951,-0.659762,-0.096499,0.140831,4.588667
-1.078087,0.403458,1.093660,-1.333684,59.059879
-1.157883,-0.111350,-0.598403,-4.294750,-80.794726
0.166931,0.171103,0.215846,1.058845,54.763611
0.843508,0.262632,-0.496922,2.558868,22.394060
0.495219,0.188108,0.809322,2.671195,87.963475
-0.539932,0.926989,-1.334172,-1.099992,-31.949772
-0.279132,-0.505625,0.894396,-0.954249,19.265301
1.509791,0.379990,2.500083,7.789438,227.917353
-2.433411,0.415349,-0.186556,-6.656092,-53.385393
1.259091,0.574384,-0.869777,4.056262,30.790232
0.219021,-0.238831,-1.311318,-1.131916,-92.507037
-1.479941,-0.088343,0.205985,-4.410525,-76.171077
0.832096,0.155929,0.098056,2.906202,38.408400
0.702924,-1.619344,0.629847,-0.500068,-46.338585
-0.562100,0.228081,1.143163,-0.086976,76.186592
-0.032553,1.097235,2.340031,4.436842,191.225583
-1.696272,-0.862615,1.391714,-5.422332,-50.034816
0.538112,0.062322,0.458799,2.197778,45.824381
0.803118,-1.678284,1.730023,0.782811,24.305512
0.737178,1.056236,1.193530,5.517535,160.719370
-1.432715,0.561968,-0.185036,-3.359243,2.071978
-0.488207,0.207155,1.644242,0.593930,105.426276
-0.186476,0.249969,0.855387,0.795895,70.189352
-0.536069,0.788990,0.175681,0.145455,39.454307
-0.367252,1.455154,0.044928,1.853482,78.742865
0.865181,0.337815,-1.865789,1.405385,-58.708259
0.335978,0.778262,0.264275,2.828733,68.005688
0.118840,-1.147671,1.408342,-0.530480,-34.215554
-0.259406,-0.999928,1.175866,-1.602208,6.505707
-0.284854,0.496215,-0.456970,-0.319103,-9.500114
-0.499129,-0.381196,-0.870474,-3.130254,-68.840419
-1.027287,-1.451144,-0.226250,-6.210400,-169.878169
0.885610,-0.123587,-0.043398,2.366257,9.992369
-0.154848,1.093584,0.223354,1.945980,46.890585
-2.057240,-0.059451,-0.314867,-6.605489,-71.795032
-0.680719,0.542242,1.263061,0.305387,89.949519
0.753809,-0.144695,-0.049028,1.923009,38.069607
0.279784,-0.920202,-0.060002,-1.061055,-57.996892
-0.852368,0.057408,-1.263903,-3.706192,-101.132013
-1.083626,-0.114344,-0.521265,-4.000831,-60.552017
-0.825474,0.234598,-1.989053,-3.996279,-136.405831
0.019060,-2.870341,0.940445,-4.743058,-111.591415
0.016431,0.261989,-0.197822,0.375449,13.324103
1.100525,-0.344040,-0.584579,2.028917,-41.436291
-1.126352,-0.184482,2.675810,-1.072211,127.136222
-0.609115,-0.386475,1.305810,-1.294485,34.121069
0.425088,1.847538,-0.355230,4.615111,125.450646
0.047704,0.993780,1.468426,3.599098,174.517283
-0.444303,-0.699244,0.468799,-2.262598,-52.405678
-0.388342,0.060831,-0.290117,-1.333482,-23.563057
-0.401027,0.672707,0.628095,0.770428,81.047092
0.715721,0.995821,-0.342083,3.796723,41.362550
0.343333,-2.031147,0.436731,-2.595565,-130.323523
-0.199567,-1.126622,-1.027077,-3.879022,-132.188859
-0.167070,-0.827507,1.439602,-0.716620,23.319587
-0.278355,0.279054,0.425545,0.148588,12.560007
0.135212,0.336183,0.007934,1.085937,-10.617639
0.262336,-0.819248,-1.375828,-2.227315,-118.116998
-0.560046,0.601161,0.491100,0.013285,54.491499
-1.617567,-0.322183,-0.959122,-6.456191,-115.740906
1.292947,0.301076,-1.695481,2.785511,-35.885178
-0.487613,-1.105002,-1.008783,-4.681624,-139.402766
1.452644,1.461260,0.112953,7.393406,151.399777
0.054826,0.784509,0.122574,1.856070,49.980256
-2.049018,0.714766,0.707379,-4.010143,44.476272
0.197382,-0.068996,-0.525096,-0.070942,-40.823699
-1.139432,1.259363,-1.038219,-1.937789,7.204462
0.433901,1.625437,-0.022987,4.529591,122.639290
0.270637,-0.516711,0.086889,-0.134622,-60.662993
-0.412428,-0.737735,0.368600,-2.344156,-58.945692
0.695160,0.277462,-0.139521,2.500882,36.001379
-0.130866,1.813790,-0.952300,2.282682,75.570313
0.404466,-1.617453,0.242687,-1.778822,-69.514015
-0.825081,-1.232009,-0.391601,-5.330863,-147.604837
-0.701440,-0.970888,-1.193907,-5.240002,-186.639524
-0.542336,-0.862321,1.402216,-1.949433,-3.176071
0.732962,-1.908643,-1.271814,-2.890213,-159.261817
0.739042,-0.151758,0.150635,2.064243,10.076091
0.599723,0.781184,-0.826083,2.535456,12.420585
-0.597528,0.632615,-1.582025,-2.109379,-53.688990
1.783891,0.383414,-0.967138,5.151361,32.867736
0.494389,-1.293226,0.826371,-0.276912,-37.031755
-1.501818,0.073647,-1.211102,-5.569263,-163.461129
0.988781,1.055023,0.811530,5.887918,139.730877
-2.155304,-0.582595,-0.327551,-7.958652,-145.147154
-1.033456,-2.918057,-0.101318,-9.037801,-246.652142
-0.221859,0.873368,0.802345,1.883503,108.901782
-1.064907,0.017433,-1.780867,-4.940722,-120.689269
1.442025,-0.221949,1.721858,5.604034,144.163282
0.373653,0.217903,0.080767,1.637533,27.056612
1.465396,-0.509586,-0.015419,3.361597,0.585034
0.157273,0.265171,1.033850,2.036012,62.360134
2.435110,0.658007,-0.107431,8.513914,101.133834
-0.748458,-0.409360,0.209968,-2.854126,-41.083026
-0.310996,-0.889006,1.440427,-1.270573,24.265409
-1.172237,-0.761680,0.466124,-4.573947,-91.127229
0.006485,-0.606372,0.270543,-0.922745,-10.294677
-0.410631,-0.467391,0.658906,-1.507770,0.289128
-1.875078,1.322098,-1.362397,-4.343435,-57.547100
0.366745,0.114788,0.054785,1.384596,18.513782
-1.151012,-0.925502,0.551448,-4.752591,-85.760561
0.504734,-0.192407,1.339776,2.469165,67.339433
0.578768,-0.251473,-0.346257,0.887103,-31.456589
1.854778,-1.017104,-0.602435,2.927691,-69.010784
1.717118,0.825788,2.716387,9.519318,258.182045
-0.015531,-0.096069,0.176015,-0.062716,9.844554
-2.277905,0.650949,-0.814768,-6.346584,-102.026516
0.463041,-0.962070,0.386262,-0.148755,-10.182361
-0.910919,-0.406270,0.761806,-2.783492,-69.180914
0.217625,-0.219980,-0.228542,-0.015629,-2.484527
-0.068781,-0.997592,-0.900630,-3.102158,-99.297429
0.986177,0.564178,1.965588,6.052475,175.687626
-1.259697,-0.991432,0.273871,-5.488083,-90.267141
-0.293717,-0.250956,-0.127855,-1.510918,-37.937235
1.263409,-0.476502,-1.751017,1.086208,-29.007006
0.182705,-0.395870,-0.874690,-1.118315,-105.859182
-0.266915,0.170991,0.190170,-0.268592,2.676514
-0.497826,0.000006,1.941742,0.448278,98.107993
0.671432,0.147354,-0.013293,2.295710,22.477176
-0.348852,1.053177,-0.387514,0.672283,32.798906
0.641795,-0.872798,0.579901,0.759690,20.103446
-0.625543,0.053288,-0.269442,-2.039496,-50.833075
-0.466278,2.095814,1.039717,3.832511,220.229289
-0.764166,1.028798,-0.657073,-0.891973,8.398204
-1.285017,-1.369925,-1.111371,-7.706272,-186.581606
0.922862,-0.345720,-0.989508,1.087639,-67.375655
1.308122,1.823872,-0.708686,6.863425,121.966600
-1.819600,0.322569,1.047227,-3.766436,11.375660
-1.092583,1.237078,-0.405089,-1.208681,21.898482
0.340598,0.361874,0.999411,2.744954,102.179006
-0.169287,0.698838,-0.727866,0.161948,10.718900
-1.007991,-0.056614,0.714945,-2.422256,5.998039
0.087786,-1.586787,-0.372529,-3.282746,-93.628040
-0.260059,2.520968,-0.024353,4.237405,161.476565
-0.485248,-1.140529,0.496132,-3.240670,-41.278622
-0.154896,1.437656,1.122697,3.533321,116.395258
0.190551,1.582295,-0.716849,3.019393,89.759480
0.138939,-0.227152,0.203243,0.165755,-8.938292
-0.631066,0.299971,-0.068843,-1.362098,-60.933819
0.339762,0.125130,-0.633872,0.635674,2.504972
-0.936150,0.067893,-0.321092,-2.993756,-7.974185
-0.371004,0.543359,-1.184808,-1.211101,-10.799959
-1.210124,-0.315898,0.520697,-3.741473,-30.545058
-1.558779,-0.026064,-0.925362,-5.653827,-89.168617
-0.195652,0.369441,-1.405083,-1.253157,-19.622723
-1.106069,-0.946855,0.149570,-5.062347,-88.556937
-1.664529,-1.028755,-1.618360,-8.669458,-198.167231
-0.054978,-0.093746,-0.844475,-1.196901,-70.007057
-0.237014,-0.701970,0.408641,-1.706340,-2.506281
-0.902451,-0.080567,-1.053442,-3.921928,-74.378740
-2.101256,-0.690887,0.171148,-7.514393,-111.223525
-0.074459,-0.948150,0.960556,-1.159121,-0.545765
-1.129674,-0.574659,1.123583,-3.414759,-17.385145
1.245316,-0.431713,-1.716627,1.155893,-95.230624
-1.096454,1.050519,-2.924010,-4.112334,-114.749288
0.478372,-1.233794,-1.262317,-2.294788,-140.456335
0.875369,0.917517,1.527382,5.988524,176.194656
-0.563888,-1.358307,-0.818923,-5.227201,-144.480611
0.939616,-0.973369,1.943251,2.815359,98.158668
0.110963,-0.132528,1.330625,1.398460,19.689558
-0.234565,-0.135161,-0.489053,-1.463070,-27.401573
-1.174019,0.562043,1.496638,-0.901333,90.200217
-0.646517,1.410059,0.008309,0.888878,120.187482
0.466691,2.219175,-0.091206,5.747217,137.686162
0.399381,-1.228634,-1.488132,-2.747257,-152.828883
0.558243,0.679729,-1.601223,1.432963,-28.853056
0.147250,0.954125,-0.962098,1.387902,9.207780
-0.619064,0.417370,-0.318011,-1.340463,-4.880153
-1.198423,-0.423632,-0.535539,-4.978072,-108.049462
0.296872,1.257639,1.295791,4.701686,154.267555
1.339948,0.434381,-0.524671,4.363934,29.036930
-0.471669,-0.933721,-0.654657,-3.937106,-119.266272
0.709192,2.648024,0.275960,7.699585,230.275078
-0.723157,0.160844,1.131939,-0.715844,69.152787
0.287546,-0.353249,-1.129782,-0.973642,-60.073199